<testQuestions>
    <questions>
        <question num="1" text="Which of the following is an example of an animal?">
            <answer letter="A">dog</answer>
            <answer letter="B">rock</answer>
            <answer letter="C">flower</answer>
            <answer letter="D">concrete</answer>
        </question>
        <question num="2" text="Which of the following is an example of a fruit?">
            <answer letter="A">dragonfly</answer>
            <answer letter="B">peach</answer>
            <answer letter="C">rainbow</answer>
        </question>
        <question num="3" text="Which of the following is an example of meat?">
            <answer letter="A">glass</answer>
            <answer letter="B">plane</answer>
            <answer letter="C">beef</answer>
            <answer letter="D">book</answer>
        </question>
        <question num="4" text="Which of the following is an example of a color?">
            <answer letter="A">mask</answer>
            <answer letter="B">chain</answer>
            <answer letter="C">water</answer>
            <answer letter="D">red</answer>
            <answer letter="E">banana</answer>
        </question>
        <question num="5" text="Which of the following is an example of a human body part?">
            <answer letter="A">hand</answer>
            <answer letter="B">wings</answer>
            <answer letter="C">horns</answer>
            <answer letter="D">transmission</answer>
        </question>
    </questions>
    <answerKey>
        <keyEntry question="1" answer="A"/>
        <keyEntry question="2" answer="B"/>
        <keyEntry question="3" answer="C"/>
        <keyEntry question="4" answer="D"/>
        <keyEntry question="5" answer="A"/>
    </answerKey>
</testQuestions>