{
    "storeProperties": {
        "storeName": "Best Shop Ever"
    },
    "items": {
        "0001": {
            "name": "Nicest Beef Jerky",
            "price": "5.99",
            "netPrice": "",
            "discountPercentage": "1",
            "availableQuantity": "0"
        },
        "0002": {
            "name": "Sweetest Chocolate",
            "price": "3.99",
            "netPrice": "",
            "discountPercentage": "5",
            "availableQuantity": "30"
        },
        "0003": {
            "name": "Fantastic Toothpaste",
            "price": "8.29",
            "netPrice": "",
            "discountPercentage": "0",
            "availableQuantity": "25"
        },
        "0004": {
            "name": "Epic Sneakers",
            "price": "29.99",
            "netPrice": "",
            "discountPercentage": "15",
            "availableQuantity": "3"
        },
        "0005": {
            "name": "Ultra Bubblegum",
            "price": "1.50",
            "netPrice": "",
            "discountPercentage": "0",
            "availableQuantity": "50"
        }
    }
}