{
  "registrations": [
    {
      "id": "0001",
      "name": "Jeremy Scott",
      "email": "jeremyscott@email.com",
      "password": "astrosarethebest",
      "securityString": "BestAppleJuiceMaker"
    },
    {
      "id": "14349538340002",
      "name": "Floyd Mills",
      "email": "floyd.mills+2@email.com",
      "password": "F!apPyB1rD$20",
      "securityString": "BoxingIsGreat"
    },
    {
      "id": "37468239580003",
      "name": "Kelly Phillips",
      "email": "pkelly124@email",
      "password": "5Qyy&7O@hW!96",
      "securityString": "CoffeeIs"
    },
    {
      "id": "0004",
      "name": "Robert Perry",
      "email": "rperry2212@sub.email.com",
      "password": "jyR05!",
      "securityString": "FireworkGoBoom"
    },
    {
      "id": "0005",
      "name": "Katherine Adams",
      "email": "katha0101!@email.com",
      "password": "wsM64Cb9eO",
      "securityString": "MasterOfLifeAndEverything0101!"
    },
    {
      "id": "4325630006",
      "name": "Anna Powell",
      "email": "annapowpow@email.com",
      "password": "passwordsaredumb",
      "securityString": "NoTaxationWithoutRepresentation"
    },
    {
      "id": "0007",
      "name": "Theresa Evans",
      "email": "evansthere121+123@email.com",
      "password": "WFSaT@Wv6Y&4jU!JHtnBqUcO(E!1jUJBqUcOE",
      "securityString": "MoreCiscoMoreJuniper"
    }
  ]
}