<fruitDefinitions>
    <fruit name="Apple"/>
    <fruit name="Kiwi"/>
    <fruit name="Banana"/>
    <fruit name="Grapes"/>
    <fruit name="Nectarine"/>
    <fruit name="Mango"/>
    <fruit name="Orange"/>
    <fruit name="Grapefruit"/>
    <fruit name="Blackberry"/>
    <fruit name="Cantaloupe"/>
    <fruit name="Blueberry"/>
    <fruit name="Cherry"/>
    <fruit name="Papaya"/>
    <fruit name="Watermelon"/>
    <fruit name="Strawberry"/>
    <fruit name="Pineapple"/>
    <fruit name="Dragonfruit"/>
</fruitDefinitions>